transaction_id,customer_id,transaction_date,amount,currency,payment_method,status,country,failure_reason
TX00001,C0025,2026-06-29,1350.53,EUR,Digital Wallet,Failed,Spain,Insufficient Funds
TX00002,C0078,2026-06-21,562.82,EUR,Bank Transfer,Successful,Germany,
TX00003,C0066,2026-05-31,232.89,GBP,Debit Card,Successful,France,
TX00004,C0007,2026-02-16,330.34,GBP,Debit Card,Successful,Spain,
TX00005,C0037,2026-04-25,551.3,GBP,Debit Card,Successful,United Kingdom,
TX00006,C0097,2026-04-08,534.8,GBP,Debit Card,Successful,Spain,
TX00007,C0067,2026-04-23,479.51,GBP,Bank Transfer,Successful,France,
TX00008,C0179,2026-04-22,504.61,EUR,Digital Wallet,Successful,Netherlands,
TX00009,C0087,2026-04-26,431.72,GBP,Digital Wallet,Successful,United Kingdom,
TX00010,C0173,2026-04-04,152.07,EUR,Credit Card,Failed,France,Bank Timeout
TX00011,C0119,2026-05-05,333.94,EUR,Credit Card,Successful,Netherlands,
TX00012,C0008,2026-04-06,1127.13,GBP,Debit Card,Successful,Germany,
TX00013,C0037,2026-01-03,161.89,GBP,Debit Card,Successful,United Kingdom,
TX00014,C0128,2026-01-07,440.93,GBP,Bank Transfer,Successful,United Kingdom,
TX00015,C0099,2026-06-23,258.06,EUR,Credit Card,Successful,Ireland,
TX00016,C0055,2026-06-14,569.44,GBP,Bank Transfer,Successful,United Kingdom,
TX00017,C0094,2026-04-16,372.29,EUR,Digital Wallet,Successful,Netherlands,
TX00018,C0163,2026-02-01,1818.53,EUR,Debit Card,Successful,Spain,
TX00019,C0070,2026-05-22,796.79,EUR,Debit Card,Successful,United Kingdom,
TX00020,C0009,2026-01-26,169.86,USD,Debit Card,Successful,United Kingdom,
TX00021,C0056,2026-03-10,916.48,EUR,Digital Wallet,Successful,Netherlands,
TX00022,C0169,2026-03-01,268.15,EUR,Bank Transfer,Failed,United Kingdom,Card Declined
TX00023,C0138,2026-01-03,317.21,EUR,Bank Transfer,Successful,France,
TX00024,C0151,2026-05-27,676.37,EUR,Bank Transfer,Successful,Netherlands,
TX00025,C0165,2026-04-03,341.05,EUR,Credit Card,Successful,France,
TX00026,C0022,2026-02-27,1106.47,USD,Digital Wallet,Successful,Germany,
TX00027,C0051,2026-04-02,268.18,GBP,Bank Transfer,Successful,Netherlands,
TX00028,C0011,2026-01-01,306.09,EUR,Digital Wallet,Successful,France,
TX00029,C0001,2026-03-21,296.51,GBP,Bank Transfer,Successful,United Kingdom,
TX00030,C0151,2026-04-05,320.28,EUR,Credit Card,Successful,France,
TX00031,C0169,2026-03-03,1318.58,GBP,Bank Transfer,Successful,Spain,
TX00032,C0029,2026-05-31,884.02,EUR,Debit Card,Failed,Netherlands,Invalid Account Details
TX00033,C0130,2026-02-15,2215.99,EUR,Credit Card,Successful,Germany,
TX00034,C0097,2026-01-25,3559.94,USD,Debit Card,Successful,United Kingdom,
TX00035,C0013,2026-04-06,215.7,GBP,Bank Transfer,Successful,United Kingdom,
TX00036,C0165,2026-06-10,549.97,EUR,Digital Wallet,Successful,United Kingdom,
TX00037,C0157,2026-03-09,190.61,EUR,Digital Wallet,Successful,United Kingdom,
TX00038,C0103,2026-01-09,267.48,USD,Debit Card,Pending,Spain,
TX00039,C0128,2026-06-25,303.21,USD,Credit Card,Successful,United Kingdom,
TX00040,C0072,2026-03-22,210.91,EUR,Credit Card,Successful,Ireland,
TX00041,C0143,2026-02-01,211.85,EUR,Bank Transfer,Successful,United Kingdom,
TX00042,C0081,2026-04-22,458.22,GBP,Digital Wallet,Successful,United Kingdom,
TX00043,C0179,2026-02-27,184.16,USD,Bank Transfer,Pending,Germany,
TX00044,C0012,2026-06-19,1059.77,GBP,Credit Card,Successful,United Kingdom,
TX00045,C0031,2026-02-23,237.44,EUR,Bank Transfer,Successful,Ireland,
TX00046,C0175,2026-04-10,5642.79,EUR,Bank Transfer,Successful,Spain,
TX00047,C0052,2026-04-09,352.95,GBP,Debit Card,Failed,Ireland,Card Declined
TX00048,C0056,2026-02-13,550.71,GBP,Debit Card,Successful,United Kingdom,
TX00049,C0143,2026-04-01,172.25,GBP,Digital Wallet,Successful,Ireland,
TX00050,C0035,2026-01-20,2208.74,EUR,Digital Wallet,Successful,United Kingdom,
TX00051,C0093,2026-04-27,1341.54,GBP,Bank Transfer,Successful,Spain,
TX00052,C0052,2026-05-18,666.73,GBP,Bank Transfer,Successful,Germany,
TX00053,C0036,2026-06-21,164.88,EUR,Debit Card,Successful,United Kingdom,
TX00054,C0174,2026-02-28,619.6,GBP,Debit Card,Successful,United Kingdom,
TX00055,C0036,2026-02-21,199.69,EUR,Debit Card,Successful,United Kingdom,
TX00056,C0017,2026-04-10,1795.43,GBP,Digital Wallet,Successful,United Kingdom,
TX00057,C0122,2026-05-06,1030.52,GBP,Credit Card,Successful,Spain,
TX00058,C0157,2026-06-29,561.79,GBP,Bank Transfer,Failed,Ireland,Limit Exceeded
TX00059,C0023,2026-01-05,65.31,GBP,Debit Card,Successful,Spain,
TX00060,C0128,2026-02-13,224.55,GBP,Credit Card,Successful,United Kingdom,
TX00061,C0098,2026-02-17,929.45,EUR,Debit Card,Successful,France,
TX00062,C0150,2026-02-16,1452.37,GBP,Bank Transfer,Failed,United Kingdom,Insufficient Funds
TX00063,C0023,2026-03-25,1329.81,GBP,Debit Card,Successful,France,
TX00064,C0176,2026-06-07,133.86,GBP,Debit Card,Successful,United Kingdom,
TX00065,C0112,2026-01-06,669.36,GBP,Bank Transfer,Failed,United Kingdom,Bank Timeout
TX00066,C0152,2026-05-28,1228.06,USD,Credit Card,Successful,France,
TX00067,C0066,2026-04-22,126.52,GBP,Debit Card,Successful,United Kingdom,
TX00068,C0170,2026-04-22,514.54,USD,Credit Card,Successful,Germany,
TX00069,C0113,2026-05-03,653.78,GBP,Debit Card,Successful,France,
TX00070,C0023,2026-01-21,401.16,GBP,Digital Wallet,Successful,United Kingdom,
TX00071,C0167,2026-05-16,107.3,GBP,Bank Transfer,Successful,Spain,
TX00072,C0144,2026-02-14,392.74,GBP,Bank Transfer,Successful,Germany,
TX00073,C0055,2026-04-04,392.21,EUR,Debit Card,Successful,Ireland,
TX00074,C0099,2026-05-03,456.75,GBP,Debit Card,Failed,France,Insufficient Funds
TX00075,C0070,2026-04-20,320.87,GBP,Bank Transfer,Successful,Netherlands,
TX00076,C0098,2026-02-28,355.47,EUR,Credit Card,Successful,Netherlands,
TX00077,C0174,2026-03-13,500.82,EUR,Bank Transfer,Successful,Ireland,
TX00078,C0162,2026-03-28,754.52,USD,Bank Transfer,Successful,France,
TX00079,C0039,2026-01-08,399.91,USD,Debit Card,Successful,United Kingdom,
TX00080,C0175,2026-05-12,365.69,EUR,Credit Card,Successful,United Kingdom,
TX00081,C0079,2026-01-19,560.32,EUR,Digital Wallet,Pending,France,
TX00082,C0127,2026-03-25,101.21,EUR,Credit Card,Successful,United Kingdom,
TX00083,C0138,2026-04-29,777.03,GBP,Debit Card,Successful,United Kingdom,
TX00084,C0087,2026-01-15,517.76,EUR,Credit Card,Failed,United Kingdom,Limit Exceeded
TX00085,C0083,2026-06-30,535.79,GBP,Credit Card,Failed,France,Card Declined
TX00086,C0083,2026-03-10,1172.18,EUR,Bank Transfer,Successful,United Kingdom,
TX00087,C0156,2026-01-03,98.5,USD,Debit Card,Successful,France,
TX00088,C0070,2026-04-30,96.76,GBP,Credit Card,Failed,Ireland,Limit Exceeded
TX00089,C0051,2026-04-11,653.76,EUR,Debit Card,Successful,Ireland,
TX00090,C0066,2026-04-26,514.89,USD,Credit Card,Failed,United Kingdom,Authentication Failed
TX00091,C0036,2026-05-16,598.63,GBP,Debit Card,Successful,France,
TX00092,C0071,2026-03-28,349.74,GBP,Debit Card,Successful,France,
TX00093,C0021,2026-05-30,911.14,USD,Bank Transfer,Successful,Germany,
TX00094,C0017,2026-03-08,1144.52,USD,Credit Card,Failed,France,Invalid Account Details
TX00095,C0131,2026-04-09,781.63,GBP,Digital Wallet,Successful,United Kingdom,
TX00096,UNKNOWN_10,2026-01-29,415.01,GBP,Bank Transfer,Successful,Spain,
TX00097,C0103,2026-04-23,86.35,EUR,Debit Card,Successful,United Kingdom,
TX00098,C0141,2026-02-17,996.1,GBP,Bank Transfer,Successful,Ireland,
TX00099,C0131,2026-05-07,1463.33,GBP,Bank Transfer,Successful,France,
TX00100,C0081,2026-05-25,895.94,GBP,Digital Wallet,Successful,United Kingdom,
TX00101,C0035,2026-06-05,245.26,GBP,Debit Card,Successful,Netherlands,
TX00102,C0168,2026-06-18,918.48,EUR,Debit Card,Successful,United Kingdom,
TX00103,C0151,2026-01-23,1076.48,EUR,Bank Transfer,Successful,Ireland,
TX00104,C0111,2026-01-25,1948.85,EUR,Digital Wallet,Successful,France,
TX00105,UNKNOWN_01,2026-06-17,245.99,EUR,Bank Transfer,Successful,United Kingdom,
TX00106,C0007,2026-03-10,427.31,GBP,Credit Card,Successful,United Kingdom,
TX00107,C0057,2026-01-05,977.68,GBP,Bank Transfer,Successful,Netherlands,
TX00108,C0029,2026-02-21,543.92,GBP,Bank Transfer,Successful,United Kingdom,
TX00109,C0155,2026-06-01,200.39,GBP,Credit Card,Successful,Spain,
TX00110,C0038,2026-03-06,736.88,GBP,Bank Transfer,Successful,Ireland,
TX00111,C0051,2026-01-14,847.14,GBP,Credit Card,Successful,Netherlands,
TX00112,C0176,2026-05-11,558.23,GBP,Bank Transfer,Successful,United Kingdom,
TX00113,C0148,2026-02-05,624.31,GBP,Credit Card,Failed,Netherlands,Limit Exceeded
TX00114,C0040,2026-03-05,415.76,EUR,Credit Card,Failed,Spain,Insufficient Funds
TX00115,C0070,2026-01-01,1819.9,EUR,Credit Card,Successful,United Kingdom,
TX00116,C0093,2026-04-19,240.91,USD,Bank Transfer,Successful,United Kingdom,
TX00117,C0120,2026-03-22,314.43,EUR,Credit Card,Successful,United Kingdom,
TX00118,C0169,2026-06-06,522.87,EUR,Digital Wallet,Successful,Germany,
TX00119,C0157,2026-03-02,1093.47,GBP,Bank Transfer,Successful,Netherlands,
TX00120,C0176,2026-02-07,145.07,EUR,Bank Transfer,Successful,Germany,
TX00121,C0008,2026-01-31,170.08,GBP,Credit Card,Successful,France,
TX00122,C0043,2026-02-06,91.65,GBP,Bank Transfer,Successful,United Kingdom,
TX00123,C0102,2026-03-23,532.61,GBP,Credit Card,Successful,United Kingdom,
TX00124,C0009,2026-01-16,200.22,GBP,Credit Card,Successful,United Kingdom,
TX00125,C0064,2026-03-14,373.58,GBP,Bank Transfer,Successful,Ireland,
TX00126,C0028,2026-06-04,908.84,EUR,Debit Card,Successful,France,
TX00127,UNKNOWN_05,2026-05-19,300.27,EUR,Debit Card,Successful,Germany,
TX00128,C0012,2026-04-26,630.55,EUR,Debit Card,Failed,Ireland,Bank Timeout
TX00129,C0027,2026-06-11,401.64,EUR,Digital Wallet,Successful,United Kingdom,
TX00130,C0036,2026-05-22,917.17,GBP,Bank Transfer,Successful,United Kingdom,
TX00131,C0027,2026-04-29,775.77,GBP,Debit Card,Successful,United Kingdom,
TX00132,C0103,2026-06-06,287.68,EUR,Digital Wallet,Successful,Spain,
TX00133,C0066,2026-01-23,448.83,EUR,Bank Transfer,Successful,Netherlands,
TX00134,C0165,2026-05-29,1257.88,GBP,Digital Wallet,Successful,France,
TX00135,C0047,2026-02-23,723.7,GBP,Bank Transfer,Failed,United Kingdom,Insufficient Funds
TX00136,C0097,2026-05-13,158.0,USD,Debit Card,Successful,United Kingdom,
TX00137,C0119,2026-06-15,904.4,EUR,Bank Transfer,Successful,France,
TX00138,C0113,2026-03-31,206.04,GBP,Credit Card,Successful,Germany,
TX00139,C0144,2026-01-17,1720.96,EUR,Credit Card,Successful,Spain,
TX00140,C0037,2026-03-09,1237.05,GBP,Digital Wallet,Successful,Ireland,
TX00141,C0092,2026-03-15,662.75,GBP,Digital Wallet,Successful,Germany,
TX00142,C0145,2026-06-19,592.08,GBP,Credit Card,Successful,Netherlands,
TX00143,C0156,2026-06-20,433.69,GBP,Credit Card,Failed,Spain,Insufficient Funds
TX00144,C0112,2026-04-13,922.18,EUR,Debit Card,Successful,Germany,
TX00145,C0118,2026-06-22,377.98,GBP,Digital Wallet,Successful,France,
TX00146,C0156,2026-03-20,632.85,EUR,Credit Card,Successful,Spain,
TX00147,C0113,2026-03-16,1086.96,GBP,Digital Wallet,Successful,United Kingdom,
TX00148,C0171,2026-06-01,321.33,EUR,Bank Transfer,Successful,Spain,
TX00149,C0023,2026-05-01,306.81,EUR,Debit Card,Successful,United Kingdom,
TX00150,C0063,2026-04-05,187.69,EUR,Credit Card,Successful,France,
TX00151,C0021,2026-03-24,209.6,EUR,Bank Transfer,Successful,Ireland,
TX00152,C0017,2026-05-08,109.49,USD,Bank Transfer,Failed,France,Card Declined
TX00153,C0085,2026-05-17,963.29,GBP,Digital Wallet,Successful,Germany,
TX00154,C0041,2026-03-30,2410.47,EUR,Debit Card,Successful,France,
TX00155,C0074,2026-01-06,1739.81,EUR,Bank Transfer,Pending,United Kingdom,
TX00156,C0079,2026-01-19,130.04,GBP,Debit Card,Successful,United Kingdom,
TX00157,C0112,2026-01-27,959.23,GBP,Debit Card,Successful,United Kingdom,
TX00158,C0171,2026-03-25,1735.05,GBP,Credit Card,Successful,France,
TX00159,C0153,2026-04-22,351.32,GBP,Digital Wallet,Successful,Germany,
TX00160,C0069,2026-05-26,564.66,GBP,Digital Wallet,Successful,United Kingdom,
TX00161,C0059,2026-02-12,94.0,GBP,Credit Card,Successful,Spain,
TX00162,C0139,2026-05-23,649.84,EUR,Credit Card,Successful,Germany,
TX00163,C0023,2026-05-01,209.76,GBP,Debit Card,Successful,Germany,
TX00164,C0098,2026-01-10,613.81,EUR,Digital Wallet,Successful,Germany,
TX00165,C0077,2026-03-05,137.41,GBP,Bank Transfer,Successful,United Kingdom,
TX00166,C0033,2026-02-24,821.74,EUR,Bank Transfer,Successful,Netherlands,
TX00167,C0111,2026-06-10,1237.48,GBP,Digital Wallet,Successful,Germany,
TX00168,C0058,2026-06-16,266.21,GBP,Digital Wallet,Successful,United Kingdom,
TX00169,C0034,2026-05-29,197.08,GBP,Debit Card,Successful,Spain,
TX00170,C0118,2026-04-06,82.88,EUR,Credit Card,Successful,Ireland,
TX00171,C0032,2026-03-31,413.04,GBP,Debit Card,Successful,Netherlands,
TX00172,C0122,2026-02-26,315.97,USD,Debit Card,Successful,Ireland,
TX00173,C0030,2026-05-20,138.61,GBP,Bank Transfer,Failed,Spain,Card Declined
TX00174,C0079,2026-01-16,761.33,EUR,Bank Transfer,Successful,United Kingdom,
TX00175,C0146,2026-02-19,353.37,GBP,Debit Card,Successful,France,
TX00176,C0042,2026-01-25,207.6,EUR,Debit Card,Successful,France,
TX00177,C0139,2026-03-31,323.31,GBP,Debit Card,Successful,United Kingdom,
TX00178,C0130,2026-02-24,1287.69,GBP,Bank Transfer,Successful,United Kingdom,
TX00179,C0163,2026-02-05,864.8,GBP,Digital Wallet,Successful,United Kingdom,
TX00180,C0031,2026-03-10,463.81,GBP,Credit Card,Pending,France,
TX00181,C0129,2026-06-05,876.77,GBP,Digital Wallet,Successful,Ireland,
TX00182,C0169,2026-04-11,193.1,USD,Bank Transfer,Successful,Ireland,
TX00183,C0138,2026-05-29,532.46,GBP,Credit Card,Pending,United Kingdom,
TX00184,C0034,2026-06-15,587.12,GBP,Digital Wallet,Successful,United Kingdom,
TX00185,C0148,2026-06-13,347.46,USD,Debit Card,Successful,Germany,
TX00186,C0020,2026-03-05,750.05,GBP,Bank Transfer,Failed,France,Limit Exceeded
TX00187,C0106,2026-06-08,266.84,GBP,Bank Transfer,Failed,Spain,Limit Exceeded
TX00188,C0090,2026-06-14,798.99,EUR,Bank Transfer,Successful,Ireland,
TX00189,C0096,2026-06-23,828.06,USD,Debit Card,Successful,Spain,
TX00190,C0094,2026-03-05,43.4,EUR,Debit Card,Successful,Ireland,
TX00191,C0006,2026-02-11,1424.76,GBP,Bank Transfer,Successful,Spain,
TX00192,C0092,2026-04-16,38.84,USD,Credit Card,Failed,Germany,Insufficient Funds
TX00193,C0169,2026-06-18,306.85,GBP,Bank Transfer,Successful,United Kingdom,
TX00194,C0079,2026-06-13,1238.36,USD,Debit Card,Successful,United Kingdom,
TX00195,C0050,2026-04-14,395.56,EUR,Credit Card,Successful,Germany,
TX00196,UNKNOWN_03,2026-01-28,148.97,USD,Bank Transfer,Successful,United Kingdom,
TX00197,C0018,2026-03-18,204.45,GBP,Bank Transfer,Successful,United Kingdom,
TX00198,C0088,2026-05-10,1240.0,GBP,Bank Transfer,Successful,Spain,
TX00199,C0093,2026-04-12,101.16,EUR,Bank Transfer,Failed,United Kingdom,Authentication Failed
TX00200,C0087,2026-03-04,1352.41,GBP,Debit Card,Successful,Spain,
TX00201,C0166,2026-03-04,494.31,GBP,Bank Transfer,Successful,Ireland,
TX00202,C0076,2026-01-11,188.0,USD,Bank Transfer,Successful,France,
TX00203,C0176,2026-02-22,315.56,EUR,Digital Wallet,Successful,Netherlands,
TX00204,C0013,2026-05-02,218.19,GBP,Digital Wallet,Successful,United Kingdom,
TX00205,C0133,2026-02-13,1081.7,GBP,Bank Transfer,Successful,France,
TX00206,C0107,2026-06-29,965.42,GBP,Debit Card,Successful,United Kingdom,
TX00207,C0044,2026-01-15,120.15,GBP,Debit Card,Successful,Spain,
TX00208,C0042,2026-04-17,367.58,GBP,Digital Wallet,Pending,United Kingdom,
TX00209,C0130,2026-03-31,248.71,EUR,Credit Card,Successful,United Kingdom,
TX00210,C0115,2026-05-31,1555.39,EUR,Bank Transfer,Successful,Netherlands,
TX00211,C0111,2026-06-10,164.42,GBP,Bank Transfer,Successful,France,
TX00212,C0010,2026-04-09,2025.55,GBP,Debit Card,Successful,Germany,
TX00213,C0108,2026-04-25,503.56,EUR,Digital Wallet,Successful,France,
TX00214,C0177,2026-05-07,192.94,EUR,Digital Wallet,Successful,United Kingdom,
TX00215,C0004,2026-04-05,291.29,EUR,Bank Transfer,Successful,Netherlands,
TX00216,C0085,2026-02-03,262.07,EUR,Debit Card,Failed,United Kingdom,Limit Exceeded
TX00217,C0089,2026-03-19,175.31,EUR,Bank Transfer,Successful,United Kingdom,
TX00218,C0162,2026-02-13,561.49,GBP,Credit Card,Successful,United Kingdom,
TX00219,C0051,2026-03-26,182.41,GBP,Digital Wallet,Successful,United Kingdom,
TX00220,C0086,2026-04-22,81.18,EUR,Debit Card,Pending,United Kingdom,
TX00221,C0130,2026-02-07,375.13,GBP,Bank Transfer,Successful,Germany,
TX00222,C0011,2026-02-15,111.9,GBP,Debit Card,Successful,United Kingdom,
TX00223,C0145,2026-05-29,273.33,GBP,Debit Card,Successful,United Kingdom,
TX00224,C0148,2026-03-10,239.19,GBP,Credit Card,Failed,France,Card Declined
TX00225,C0130,2026-02-05,247.02,EUR,Debit Card,Successful,United Kingdom,
TX00226,C0117,2026-05-10,2837.9,EUR,Digital Wallet,Successful,Netherlands,
TX00227,C0135,2026-05-10,543.46,GBP,Bank Transfer,Successful,Spain,
TX00228,C0141,2026-05-30,638.14,GBP,Bank Transfer,Failed,Germany,Invalid Account Details
TX00229,C0163,2026-05-18,114.44,EUR,Debit Card,Successful,Spain,
TX00230,C0078,2026-06-29,297.12,GBP,Bank Transfer,Successful,United Kingdom,
TX00231,C0083,2026-04-15,622.04,USD,Bank Transfer,Successful,United Kingdom,
TX00232,C0115,2026-02-21,216.84,GBP,Credit Card,Successful,Netherlands,
TX00233,C0035,2026-06-06,1120.86,EUR,Bank Transfer,Successful,Ireland,
TX00234,C0155,2026-02-17,186.37,GBP,Bank Transfer,Successful,Ireland,
TX00235,C0139,2026-02-22,406.1,EUR,Bank Transfer,Successful,United Kingdom,
TX00236,C0114,2026-05-30,314.77,GBP,Bank Transfer,Failed,Ireland,Authentication Failed
TX00237,C0055,2026-06-09,595.66,USD,Digital Wallet,Failed,Germany,Card Declined
TX00238,C0063,2026-03-03,300.54,GBP,Digital Wallet,Successful,United Kingdom,
TX00239,C0079,2026-05-13,411.47,EUR,Bank Transfer,Successful,United Kingdom,
TX00240,C0120,2026-06-16,423.81,GBP,Credit Card,Successful,Spain,
TX00241,C0141,2026-05-25,277.49,GBP,Credit Card,Successful,United Kingdom,
TX00242,C0121,2026-01-01,782.37,GBP,Digital Wallet,Successful,Ireland,
TX00243,C0168,2026-05-01,634.37,GBP,Debit Card,Pending,France,
TX00244,C0173,2026-01-31,480.43,GBP,Bank Transfer,Successful,Netherlands,
TX00245,C0127,2026-06-03,359.28,EUR,Debit Card,Successful,Netherlands,
TX00246,C0067,2026-01-13,1019.49,GBP,Digital Wallet,Failed,Ireland,Card Declined
TX00247,C0108,2026-06-29,423.92,GBP,Credit Card,Successful,United Kingdom,
TX00248,C0077,2026-02-02,399.14,GBP,Debit Card,Successful,United Kingdom,
TX00249,C0114,2026-03-18,566.22,GBP,Bank Transfer,Successful,France,
TX00250,UNKNOWN_02,2026-02-12,2190.97,GBP,Credit Card,Successful,Germany,
TX00251,C0067,2026-05-28,165.79,EUR,Digital Wallet,Successful,United Kingdom,
TX00252,C0092,2026-03-13,996.63,GBP,Debit Card,Successful,United Kingdom,
TX00253,C0009,2026-05-15,103.63,EUR,Credit Card,Failed,United Kingdom,Authentication Failed
TX00254,C0133,2026-01-13,623.08,GBP,Debit Card,Successful,United Kingdom,
TX00255,C0089,2026-03-23,1975.98,GBP,Debit Card,Successful,United Kingdom,
TX00256,C0083,2026-06-14,784.75,EUR,Debit Card,Successful,Spain,
TX00257,C0096,2026-06-17,598.86,GBP,Credit Card,Successful,United Kingdom,
TX00258,C0039,2026-02-07,321.7,GBP,Digital Wallet,Successful,Spain,
TX00259,C0108,2026-03-13,531.87,USD,Debit Card,Successful,Spain,
TX00260,C0135,2026-03-16,418.11,USD,Debit Card,Successful,United Kingdom,
TX00261,C0063,2026-04-13,265.58,EUR,Debit Card,Successful,Netherlands,
TX00262,C0024,2026-04-08,404.89,GBP,Bank Transfer,Failed,France,Authentication Failed
TX00263,C0070,2026-01-20,613.16,EUR,Bank Transfer,Successful,Netherlands,
TX00264,C0036,2026-05-19,269.85,USD,Bank Transfer,Successful,United Kingdom,
TX00265,C0068,2026-02-10,261.04,USD,Debit Card,Successful,United Kingdom,
TX00266,C0113,2026-02-27,163.01,GBP,Bank Transfer,Failed,United Kingdom,Card Declined
TX00267,C0021,2026-06-02,722.07,GBP,Debit Card,Successful,France,
TX00268,C0135,2026-05-05,823.47,GBP,Credit Card,Successful,Spain,
TX00269,C0041,2026-03-13,630.75,GBP,Bank Transfer,Successful,Netherlands,
TX00270,C0162,2026-06-15,1176.61,EUR,Credit Card,Failed,Netherlands,Card Declined
TX00271,C0132,2026-03-13,558.18,GBP,Digital Wallet,Successful,Spain,
TX00272,C0050,2026-04-13,722.86,GBP,Debit Card,Successful,Netherlands,
TX00273,C0102,2026-02-14,670.66,GBP,Bank Transfer,Successful,United Kingdom,
TX00274,C0020,2026-02-03,479.23,GBP,Debit Card,Successful,Ireland,
TX00275,C0018,2026-03-30,329.9,GBP,Credit Card,Failed,Germany,Authentication Failed
TX00276,C0173,2026-04-12,3401.7,GBP,Debit Card,Successful,United Kingdom,
TX00277,C0145,2026-05-26,352.78,GBP,Bank Transfer,Successful,Germany,
TX00278,C0028,2026-03-12,294.12,USD,Debit Card,Successful,Spain,
TX00279,C0051,2026-06-12,749.13,GBP,Debit Card,Successful,United Kingdom,
TX00280,C0036,2026-04-20,641.67,GBP,Bank Transfer,Successful,Germany,
TX00281,C0072,2026-01-13,156.95,GBP,Credit Card,Successful,United Kingdom,
TX00282,C0053,2026-05-14,1345.17,GBP,Bank Transfer,Failed,United Kingdom,Insufficient Funds
TX00283,C0060,2026-04-15,478.15,GBP,Debit Card,Failed,United Kingdom,Limit Exceeded
TX00284,C0096,2026-03-12,201.48,GBP,Credit Card,Pending,Netherlands,
TX00285,C0035,2026-03-26,1422.92,GBP,Bank Transfer,Pending,Ireland,
TX00286,C0159,2026-02-24,881.68,GBP,Credit Card,Failed,United Kingdom,Authentication Failed
TX00287,C0131,2026-04-22,176.82,EUR,Debit Card,Successful,United Kingdom,
TX00288,C0137,2026-04-13,2346.32,GBP,Debit Card,Successful,United Kingdom,
TX00289,C0031,2026-03-22,906.85,GBP,Digital Wallet,Successful,United Kingdom,
TX00290,C0128,2026-02-21,513.54,EUR,Debit Card,Successful,France,
TX00291,C0151,2026-03-14,2001.57,GBP,Bank Transfer,Successful,Netherlands,
TX00292,C0032,2026-04-01,593.12,GBP,Digital Wallet,Successful,France,
TX00293,C0136,2026-03-27,505.79,GBP,Credit Card,Successful,Germany,
TX00294,C0065,2026-02-25,295.52,GBP,Credit Card,Successful,France,
TX00295,C0142,2026-04-16,849.44,GBP,Bank Transfer,Successful,United Kingdom,
TX00296,C0087,2026-02-11,776.75,USD,Bank Transfer,Successful,United Kingdom,
TX00297,C0145,2026-04-01,524.52,USD,Credit Card,Successful,Spain,
TX00298,C0027,2026-01-23,264.68,USD,Bank Transfer,Successful,Ireland,
TX00299,C0071,2026-03-27,578.5,GBP,Bank Transfer,Successful,Spain,
TX00300,C0050,2026-05-22,488.17,GBP,Credit Card,Successful,Spain,
TX00301,C0045,2026-05-29,166.76,GBP,Bank Transfer,Successful,France,
TX00302,C0056,2026-05-06,148.26,GBP,Bank Transfer,Successful,Spain,
TX00303,C0069,2026-05-15,837.47,GBP,Bank Transfer,Successful,Germany,
TX00304,C0023,2026-01-12,56.74,GBP,Debit Card,Successful,United Kingdom,
TX00305,C0128,2026-03-03,616.83,GBP,Credit Card,Successful,United Kingdom,
TX00306,C0100,2026-04-29,345.03,GBP,Digital Wallet,Successful,United Kingdom,
TX00307,C0150,2026-05-25,1575.0,GBP,Bank Transfer,Failed,United Kingdom,Insufficient Funds
TX00308,C0127,2026-04-16,340.55,EUR,Bank Transfer,Successful,Germany,
TX00309,C0027,2026-06-04,907.38,GBP,Debit Card,Failed,Netherlands,Bank Timeout
TX00310,C0013,2026-02-19,369.67,EUR,Debit Card,Successful,Ireland,
TX00311,C0077,2026-01-28,570.6,GBP,Debit Card,Successful,France,
TX00312,C0087,2026-01-16,969.05,GBP,Digital Wallet,Successful,United Kingdom,
TX00313,C0044,2026-04-16,349.61,GBP,Debit Card,Successful,Netherlands,
TX00314,C0141,2026-05-01,1208.42,GBP,Debit Card,Successful,Germany,
TX00315,C0105,2026-02-21,222.6,GBP,Digital Wallet,Successful,United Kingdom,
TX00316,C0135,2026-05-22,665.41,GBP,Bank Transfer,Successful,United Kingdom,
TX00317,C0020,2026-05-14,1134.84,EUR,Digital Wallet,Successful,United Kingdom,
TX00318,C0147,2026-03-07,907.81,GBP,Debit Card,Successful,United Kingdom,
TX00319,C0038,2026-02-13,2641.17,GBP,Debit Card,Failed,Ireland,Limit Exceeded
TX00320,C0081,2026-05-15,270.72,USD,Digital Wallet,Successful,Netherlands,
TX00321,C0080,2026-05-02,160.41,GBP,Debit Card,Successful,Netherlands,
TX00322,C0148,2026-01-31,222.48,EUR,Debit Card,Successful,United Kingdom,
TX00323,C0050,2026-02-16,908.12,EUR,Bank Transfer,Successful,Ireland,
TX00324,C0044,2026-03-29,790.95,GBP,Credit Card,Successful,Netherlands,
TX00325,C0062,2026-04-03,565.05,GBP,Debit Card,Failed,United Kingdom,Authentication Failed
TX00326,C0065,2026-01-31,199.43,GBP,Bank Transfer,Failed,France,Limit Exceeded
TX00327,C0033,2026-06-21,994.1,EUR,Credit Card,Successful,Germany,
TX00328,C0032,2026-03-12,182.91,GBP,Credit Card,Successful,Germany,
TX00329,C0042,2026-03-11,1387.29,GBP,Debit Card,Successful,United Kingdom,
TX00330,C0085,2026-01-11,5877.12,GBP,Bank Transfer,Successful,Germany,
TX00331,C0062,2026-06-08,707.32,USD,Debit Card,Successful,United Kingdom,
TX00332,C0071,2026-02-12,850.34,EUR,Bank Transfer,Successful,United Kingdom,
TX00333,C0130,2026-06-28,340.72,USD,Bank Transfer,Successful,United Kingdom,
TX00334,C0044,2026-03-31,111.2,EUR,Debit Card,Successful,Spain,
TX00335,C0164,2026-06-08,310.35,EUR,Bank Transfer,Failed,United Kingdom,Bank Timeout
TX00336,C0136,2026-02-02,204.6,GBP,Bank Transfer,Successful,Germany,
TX00337,C0032,2026-01-31,151.42,USD,Credit Card,Failed,United Kingdom,Invalid Account Details
TX00338,C0057,2026-05-26,2239.5,GBP,Debit Card,Successful,Spain,
TX00339,C0034,2026-05-29,653.23,GBP,Digital Wallet,Successful,France,
TX00340,C0050,2026-04-09,715.32,EUR,Digital Wallet,Successful,Spain,
TX00341,C0066,2026-01-06,398.35,EUR,Credit Card,Successful,United Kingdom,
TX00342,C0024,2026-06-20,447.22,GBP,Digital Wallet,Successful,United Kingdom,
TX00343,C0003,2026-03-13,1175.99,GBP,Digital Wallet,Successful,France,
TX00344,C0079,2026-06-19,503.97,GBP,Debit Card,Failed,Germany,Card Declined
TX00345,C0127,2026-06-07,813.29,EUR,Credit Card,Failed,Ireland,Insufficient Funds
TX00346,C0055,2026-06-04,438.52,GBP,Bank Transfer,Successful,Ireland,
TX00347,C0155,2026-05-05,387.29,EUR,Credit Card,Successful,Germany,
TX00348,C0067,2026-05-02,156.67,GBP,Debit Card,Successful,Spain,
TX00349,C0163,2026-04-07,96.44,EUR,Bank Transfer,Successful,France,
TX00350,C0043,2026-01-05,414.75,GBP,Bank Transfer,Successful,United Kingdom,
TX00351,C0098,2026-03-12,543.5,USD,Digital Wallet,Pending,Germany,
TX00352,C0138,2026-05-13,173.61,GBP,Debit Card,Successful,United Kingdom,
TX00353,C0011,2026-05-28,503.05,GBP,Bank Transfer,Successful,Ireland,
TX00354,C0168,2026-04-12,542.23,GBP,Bank Transfer,Successful,United Kingdom,
TX00355,C0066,2026-05-09,82.88,GBP,Debit Card,Successful,United Kingdom,
TX00356,C0090,2026-01-04,237.97,GBP,Digital Wallet,Failed,France,Insufficient Funds
TX00357,C0114,2026-03-26,732.29,EUR,Credit Card,Successful,United Kingdom,
TX00358,C0116,2026-04-02,719.82,USD,Debit Card,Successful,United Kingdom,
TX00359,C0005,2026-06-11,194.29,EUR,Bank Transfer,Successful,Netherlands,
TX00360,C0157,2026-02-26,592.7,EUR,Bank Transfer,Successful,United Kingdom,
TX00361,C0113,2026-02-11,1235.27,GBP,Debit Card,Successful,Germany,
TX00362,C0180,2026-03-05,1002.76,EUR,Credit Card,Successful,United Kingdom,
TX00363,C0085,2026-01-31,477.71,EUR,Credit Card,Successful,United Kingdom,
TX00364,C0111,2026-04-12,348.01,GBP,Debit Card,Successful,United Kingdom,
TX00365,C0080,2026-04-27,303.4,USD,Credit Card,Failed,Ireland,Authentication Failed
TX00366,C0161,2026-05-26,770.97,GBP,Debit Card,Successful,Spain,
TX00367,C0150,2026-06-25,611.45,EUR,Debit Card,Successful,United Kingdom,
TX00368,C0164,2026-01-14,884.47,USD,Debit Card,Successful,Spain,
TX00369,C0091,2026-02-14,579.46,EUR,Credit Card,Pending,France,
TX00370,C0143,2026-02-24,1038.93,GBP,Debit Card,Successful,France,
TX00371,C0065,2026-02-15,561.38,EUR,Digital Wallet,Successful,Netherlands,
TX00372,C0083,2026-05-30,1009.27,GBP,Debit Card,Successful,Netherlands,
TX00373,C0137,2026-01-26,1085.94,EUR,Bank Transfer,Successful,Ireland,
TX00374,C0015,2026-01-06,261.43,GBP,Bank Transfer,Successful,Germany,
TX00375,C0128,2026-06-05,111.39,EUR,Debit Card,Successful,France,
TX00376,C0003,2026-06-24,1923.63,USD,Debit Card,Successful,United Kingdom,
TX00377,C0105,2026-02-10,644.3,GBP,Debit Card,Failed,United Kingdom,Limit Exceeded
TX00378,C0086,2026-03-02,120.63,GBP,Credit Card,Successful,Netherlands,
TX00379,C0085,2026-04-02,282.38,EUR,Bank Transfer,Successful,United Kingdom,
TX00380,C0089,2026-04-06,998.34,GBP,Credit Card,Successful,United Kingdom,
TX00381,C0089,2026-06-29,408.41,GBP,Credit Card,Successful,United Kingdom,
TX00382,C0074,2026-03-15,335.21,GBP,Debit Card,Successful,United Kingdom,
TX00383,C0082,2026-01-03,1704.03,GBP,Debit Card,Successful,France,
TX00384,C0103,2026-03-18,212.68,EUR,Bank Transfer,Failed,France,Invalid Account Details
TX00385,C0138,2026-04-11,262.85,EUR,Debit Card,Successful,Germany,
TX00386,C0100,2026-04-04,619.97,GBP,Credit Card,Successful,United Kingdom,
TX00387,C0116,2026-04-03,721.9,GBP,Digital Wallet,Successful,Germany,
TX00388,C0151,2026-06-16,789.89,GBP,Credit Card,Successful,Germany,
TX00389,C0179,2026-05-27,1123.89,GBP,Bank Transfer,Successful,Netherlands,
TX00390,C0020,2026-02-15,613.26,EUR,Credit Card,Successful,France,
TX00391,C0129,2026-03-06,785.23,GBP,Credit Card,Failed,Germany,Invalid Account Details
TX00392,C0041,2026-05-01,415.58,EUR,Debit Card,Successful,Germany,
TX00393,C0036,2026-03-16,546.37,USD,Digital Wallet,Pending,Spain,
TX00394,C0143,2026-03-19,567.59,GBP,Bank Transfer,Successful,Netherlands,
TX00395,C0013,2026-01-31,621.93,EUR,Bank Transfer,Successful,Germany,
TX00396,C0153,2026-02-16,998.9,GBP,Bank Transfer,Successful,Germany,
TX00397,C0139,2026-05-15,830.37,GBP,Bank Transfer,Failed,United Kingdom,Limit Exceeded
TX00398,C0180,2026-06-02,537.85,GBP,Digital Wallet,Successful,Spain,
TX00399,C0121,2026-05-23,260.41,EUR,Debit Card,Successful,United Kingdom,
TX00400,C0158,2026-02-25,548.68,EUR,Bank Transfer,Successful,United Kingdom,
TX00401,C0022,2026-01-25,505.82,GBP,Debit Card,Successful,Spain,
TX00402,C0161,2026-01-29,610.45,GBP,Debit Card,Successful,Netherlands,
TX00403,C0029,2026-03-13,3379.71,GBP,Debit Card,Successful,United Kingdom,
TX00404,C0057,2026-04-04,331.89,EUR,Bank Transfer,Failed,United Kingdom,Authentication Failed
TX00405,C0024,2026-06-11,741.7,EUR,Credit Card,Successful,United Kingdom,
TX00406,C0073,2026-06-12,1284.59,EUR,Bank Transfer,Successful,France,
TX00407,C0135,2026-01-01,563.01,USD,Credit Card,Successful,United Kingdom,
TX00408,C0049,2026-05-09,3778.82,GBP,Bank Transfer,Successful,Spain,
TX00409,C0148,2026-02-24,375.65,EUR,Credit Card,Successful,Spain,
TX00410,C0110,2026-02-05,682.3,EUR,Credit Card,Successful,France,
TX00411,C0114,2026-04-11,262.7,GBP,Bank Transfer,Successful,France,
TX00412,C0169,2026-01-07,384.22,USD,Bank Transfer,Successful,United Kingdom,
TX00413,C0078,2026-03-02,640.08,GBP,Digital Wallet,Successful,United Kingdom,
TX00414,C0063,2026-04-10,1063.54,EUR,Debit Card,Successful,Netherlands,
TX00415,C0180,2026-02-19,679.41,EUR,Credit Card,Successful,United Kingdom,
TX00416,C0101,2026-04-18,1510.58,USD,Bank Transfer,Successful,United Kingdom,
TX00417,C0111,2026-03-25,477.84,GBP,Bank Transfer,Successful,United Kingdom,
TX00418,C0054,2026-05-25,390.59,GBP,Debit Card,Successful,United Kingdom,
TX00419,C0039,2026-02-02,5158.43,EUR,Digital Wallet,Failed,Germany,Card Declined
TX00420,C0031,2026-01-11,724.22,EUR,Bank Transfer,Successful,Netherlands,
TX00421,C0041,2026-04-06,281.02,GBP,Credit Card,Successful,Ireland,
TX00422,C0036,2026-02-16,287.11,EUR,Credit Card,Failed,France,Limit Exceeded
TX00423,C0135,2026-05-08,232.46,GBP,Bank Transfer,Successful,Ireland,
TX00424,C0011,2026-01-17,1148.35,EUR,Bank Transfer,Successful,Germany,
TX00425,C0114,2026-04-15,380.04,EUR,Bank Transfer,Successful,Ireland,
TX00426,C0171,2026-06-29,577.24,GBP,Debit Card,Successful,Germany,
TX00427,C0138,2026-01-17,490.79,GBP,Credit Card,Failed,United Kingdom,Limit Exceeded
TX00428,C0073,2026-02-24,964.65,USD,Debit Card,Successful,Spain,
TX00429,UNKNOWN_11,2026-06-02,252.21,EUR,Bank Transfer,Successful,United Kingdom,
TX00430,C0151,2026-04-07,207.63,EUR,Credit Card,Successful,United Kingdom,
TX00431,C0001,2026-02-01,626.82,GBP,Credit Card,Failed,United Kingdom,Bank Timeout
TX00432,C0123,2026-02-08,863.35,USD,Debit Card,Successful,Germany,
TX00433,C0121,2026-05-19,687.22,GBP,Debit Card,Successful,Germany,
TX00434,C0035,2026-06-05,260.33,GBP,Bank Transfer,Successful,France,
TX00435,C0134,2026-03-07,921.37,GBP,Credit Card,Successful,Spain,
TX00436,C0032,2026-03-27,275.26,EUR,Debit Card,Pending,United Kingdom,
TX00437,C0041,2026-05-22,332.52,USD,Debit Card,Successful,France,
TX00438,C0147,2026-02-02,232.21,EUR,Bank Transfer,Successful,Germany,
TX00439,C0177,2026-02-07,1565.54,EUR,Credit Card,Successful,Ireland,
TX00440,C0048,2026-05-21,887.5,GBP,Credit Card,Successful,United Kingdom,
TX00441,C0166,2026-02-03,866.31,GBP,Debit Card,Failed,United Kingdom,Card Declined
TX00442,C0165,2026-05-20,1495.37,GBP,Digital Wallet,Successful,Germany,
TX00443,C0139,2026-03-31,5657.58,GBP,Digital Wallet,Successful,Netherlands,
TX00444,C0026,2026-06-29,121.17,GBP,Bank Transfer,Failed,Ireland,Card Declined
TX00445,C0054,2026-01-06,276.55,EUR,Credit Card,Successful,France,
TX00446,C0122,2026-06-21,306.82,EUR,Debit Card,Successful,Ireland,
TX00447,C0180,2026-02-10,251.34,EUR,Digital Wallet,Successful,Germany,
TX00448,C0147,2026-01-07,207.28,GBP,Bank Transfer,Successful,United Kingdom,
TX00449,C0076,2026-05-12,401.54,GBP,Bank Transfer,Successful,United Kingdom,
TX00450,C0043,2026-04-07,184.18,GBP,Debit Card,Successful,United Kingdom,
TX00451,C0173,2026-06-01,688.69,GBP,Bank Transfer,Successful,United Kingdom,
TX00452,C0050,2026-01-20,541.28,GBP,Credit Card,Failed,Germany,Limit Exceeded
TX00453,C0062,2026-01-15,779.67,GBP,Debit Card,Failed,Germany,Insufficient Funds
TX00454,C0174,2026-04-13,797.57,GBP,Bank Transfer,Successful,France,
TX00455,C0102,2026-06-09,864.85,EUR,Debit Card,Pending,Germany,
TX00456,C0048,2026-03-15,377.13,GBP,Digital Wallet,Successful,Netherlands,
TX00457,C0001,2026-05-25,3143.12,GBP,Credit Card,Successful,Netherlands,
TX00458,C0078,2026-06-14,632.24,GBP,Debit Card,Successful,United Kingdom,
TX00459,C0178,2026-06-07,106.37,GBP,Bank Transfer,Successful,Germany,
TX00460,C0078,2026-04-03,220.96,GBP,Bank Transfer,Successful,France,
TX00461,C0126,2026-05-07,117.99,GBP,Digital Wallet,Successful,France,
TX00462,C0046,2026-04-06,525.7,EUR,Credit Card,Successful,United Kingdom,
TX00463,C0140,2026-05-03,467.06,GBP,Debit Card,Successful,United Kingdom,
TX00464,C0140,2026-04-13,347.87,USD,Digital Wallet,Successful,Netherlands,
TX00465,C0110,2026-04-06,2862.03,GBP,Bank Transfer,Successful,France,
TX00466,C0139,2026-03-21,826.03,GBP,Credit Card,Successful,United Kingdom,
TX00467,C0105,2026-04-29,960.24,GBP,Bank Transfer,Successful,Germany,
TX00468,C0069,2026-05-16,234.77,GBP,Bank Transfer,Successful,Spain,
TX00469,C0133,2026-06-16,221.57,GBP,Debit Card,Failed,United Kingdom,Insufficient Funds
TX00470,C0151,2026-04-21,534.47,EUR,Debit Card,Successful,Ireland,
TX00471,C0152,2026-01-19,600.08,GBP,Digital Wallet,Successful,United Kingdom,
TX00472,C0039,2026-04-17,106.93,EUR,Debit Card,Successful,Germany,
TX00473,C0122,2026-02-27,444.41,GBP,Credit Card,Successful,Germany,
TX00474,C0001,2026-01-05,524.25,GBP,Credit Card,Successful,United Kingdom,
TX00475,C0103,2026-01-14,431.44,GBP,Credit Card,Failed,Spain,Limit Exceeded
TX00476,C0103,2026-04-18,259.46,GBP,Digital Wallet,Successful,Germany,
TX00477,C0066,2026-06-21,327.47,GBP,Debit Card,Successful,Spain,
TX00478,C0179,2026-04-02,445.71,USD,Debit Card,Successful,United Kingdom,
TX00479,C0159,2026-03-22,559.58,EUR,Bank Transfer,Pending,Ireland,
TX00480,C0007,2026-01-17,866.16,USD,Bank Transfer,Successful,Spain,
TX00481,C0038,2026-05-03,1298.19,GBP,Digital Wallet,Successful,France,
TX00482,C0038,2026-01-11,403.35,EUR,Debit Card,Successful,United Kingdom,
TX00483,C0162,2026-06-02,351.52,EUR,Debit Card,Successful,Netherlands,
TX00484,C0094,2026-05-28,751.45,EUR,Bank Transfer,Failed,France,Invalid Account Details
TX00485,C0132,2026-06-29,870.63,USD,Debit Card,Pending,Spain,
TX00486,C0146,2026-02-21,358.14,EUR,Credit Card,Successful,Germany,
TX00487,C0139,2026-01-30,1014.18,EUR,Bank Transfer,Successful,United Kingdom,
TX00488,C0017,2026-02-24,1191.12,EUR,Credit Card,Successful,United Kingdom,
TX00489,C0026,2026-05-25,1552.98,GBP,Credit Card,Failed,Netherlands,Limit Exceeded
TX00490,C0072,2026-02-09,2348.6,EUR,Credit Card,Failed,Spain,Insufficient Funds
TX00491,C0061,2026-06-10,248.03,GBP,Bank Transfer,Successful,United Kingdom,
TX00492,C0135,2026-01-28,524.17,USD,Credit Card,Successful,Netherlands,
TX00493,C0029,2026-01-09,523.0,EUR,Bank Transfer,Successful,Spain,
TX00494,C0067,2026-02-09,476.58,GBP,Debit Card,Successful,United Kingdom,
TX00495,C0043,2026-05-17,298.31,GBP,Credit Card,Successful,United Kingdom,
TX00496,C0034,2026-04-20,146.54,GBP,Credit Card,Successful,Netherlands,
TX00497,C0032,2026-03-06,560.47,GBP,Bank Transfer,Successful,France,
TX00498,C0036,2026-04-29,269.59,GBP,Digital Wallet,Successful,United Kingdom,
TX00499,C0102,2026-04-28,557.29,EUR,Bank Transfer,Successful,Ireland,
TX00500,C0074,2026-04-11,263.77,EUR,Credit Card,Pending,France,
TX00501,C0079,2026-04-04,203.42,EUR,Digital Wallet,Pending,Spain,
TX00502,C0087,2026-01-19,632.17,GBP,Debit Card,Successful,Ireland,
TX00503,C0134,2026-02-17,588.92,GBP,Credit Card,Successful,Ireland,
TX00504,C0156,2026-04-06,847.58,GBP,Credit Card,Successful,Germany,
TX00505,C0095,2026-01-25,3320.88,EUR,Credit Card,Pending,United Kingdom,
TX00506,C0116,2026-03-28,655.7,GBP,Credit Card,Successful,Germany,
TX00507,UNKNOWN_08,2026-01-22,782.36,GBP,Credit Card,Successful,United Kingdom,
TX00508,C0125,2026-05-23,207.28,GBP,Bank Transfer,Successful,France,
TX00509,C0025,2026-01-19,173.49,EUR,Credit Card,Successful,United Kingdom,
TX00510,C0177,2026-01-17,1989.04,GBP,Bank Transfer,Successful,Germany,
TX00511,C0030,2026-04-26,236.29,EUR,Digital Wallet,Successful,United Kingdom,
TX00512,C0075,2026-02-09,213.29,EUR,Bank Transfer,Successful,United Kingdom,
TX00513,C0118,2026-03-05,501.08,EUR,Bank Transfer,Successful,United Kingdom,
TX00514,C0073,2026-02-26,479.78,GBP,Digital Wallet,Successful,France,
TX00515,C0044,2026-02-09,240.54,GBP,Bank Transfer,Successful,Ireland,
TX00516,C0167,2026-05-18,399.72,GBP,Debit Card,Successful,United Kingdom,
TX00517,C0013,2026-05-06,1472.87,GBP,Credit Card,Successful,Ireland,
TX00518,C0045,2026-02-13,261.1,EUR,Bank Transfer,Successful,Ireland,
TX00519,C0179,2026-05-05,158.44,GBP,Bank Transfer,Successful,Germany,
TX00520,C0132,2026-05-10,1154.25,GBP,Debit Card,Failed,France,Card Declined
TX00521,C0016,2026-04-08,787.18,GBP,Bank Transfer,Successful,Germany,
TX00522,C0136,2026-04-15,305.69,EUR,Bank Transfer,Failed,United Kingdom,Limit Exceeded
TX00523,C0175,2026-06-19,134.98,GBP,Bank Transfer,Successful,France,
TX00524,C0018,2026-03-24,275.08,EUR,Debit Card,Successful,United Kingdom,
TX00525,C0075,2026-03-11,494.48,GBP,Debit Card,Successful,Ireland,
TX00526,C0085,2026-04-08,1395.24,USD,Bank Transfer,Successful,Spain,
TX00527,C0024,2026-06-01,214.63,EUR,Credit Card,Successful,Ireland,
TX00528,C0037,2026-05-09,482.1,GBP,Credit Card,Successful,France,
TX00529,C0032,2026-01-14,919.54,GBP,Bank Transfer,Successful,France,
TX00530,C0034,2026-03-25,68.44,GBP,Debit Card,Successful,Spain,
TX00531,C0073,2026-05-14,1247.28,GBP,Digital Wallet,Successful,United Kingdom,
TX00532,C0084,2026-02-10,189.6,GBP,Credit Card,Failed,United Kingdom,Invalid Account Details
TX00533,C0043,2026-06-28,686.91,EUR,Debit Card,Successful,France,
TX00534,C0053,2026-05-27,638.86,EUR,Debit Card,Successful,United Kingdom,
TX00535,C0035,2026-06-03,1302.31,GBP,Bank Transfer,Successful,United Kingdom,
TX00536,C0144,2026-01-15,827.4,EUR,Credit Card,Failed,United Kingdom,Authentication Failed
TX00537,C0039,2026-04-15,68.67,GBP,Digital Wallet,Successful,France,
TX00538,C0164,2026-04-06,265.85,USD,Digital Wallet,Successful,United Kingdom,
TX00539,C0097,2026-04-24,582.58,GBP,Bank Transfer,Successful,United Kingdom,
TX00540,C0145,2026-06-03,438.9,EUR,Debit Card,Successful,United Kingdom,
TX00541,C0115,2026-03-05,777.41,EUR,Bank Transfer,Successful,Germany,
TX00542,C0048,2026-04-07,1013.29,GBP,Debit Card,Successful,Ireland,
TX00543,C0109,2026-05-03,868.86,GBP,Debit Card,Successful,United Kingdom,
TX00544,C0050,2026-05-17,431.76,GBP,Credit Card,Failed,Netherlands,Authentication Failed
TX00545,C0022,2026-05-20,107.84,EUR,Bank Transfer,Successful,Netherlands,
TX00546,C0046,2026-03-02,351.72,GBP,Digital Wallet,Successful,United Kingdom,
TX00547,C0050,2026-06-30,737.98,EUR,Bank Transfer,Successful,Ireland,
TX00548,C0025,2026-01-02,205.02,EUR,Bank Transfer,Successful,Netherlands,
TX00549,C0005,2026-03-31,885.88,EUR,Digital Wallet,Successful,France,
TX00550,C0170,2026-04-21,1121.18,GBP,Credit Card,Successful,United Kingdom,
TX00551,C0093,2026-01-12,577.0,GBP,Debit Card,Successful,United Kingdom,
TX00552,C0073,2026-03-23,38.31,EUR,Credit Card,Successful,Spain,
TX00553,C0168,2026-04-18,174.8,GBP,Bank Transfer,Successful,Ireland,
TX00554,C0041,2026-04-20,2574.11,EUR,Bank Transfer,Successful,Spain,
TX00555,C0073,2026-01-22,325.53,GBP,Debit Card,Successful,Spain,
TX00556,C0153,2026-02-20,95.92,GBP,Debit Card,Successful,United Kingdom,
TX00557,C0114,2026-02-14,1480.24,EUR,Credit Card,Successful,Ireland,
TX00558,C0072,2026-04-26,523.93,GBP,Bank Transfer,Pending,Germany,
TX00559,C0047,2026-03-01,1325.04,GBP,Credit Card,Successful,Ireland,
TX00560,C0007,2026-04-14,655.51,GBP,Credit Card,Successful,United Kingdom,
TX00561,C0016,2026-05-13,764.92,GBP,Bank Transfer,Successful,United Kingdom,
TX00562,C0030,2026-05-25,705.25,EUR,Bank Transfer,Successful,Netherlands,
TX00563,C0142,2026-02-03,937.17,GBP,Debit Card,Failed,Ireland,Invalid Account Details
TX00564,C0116,2026-06-13,3589.67,GBP,Credit Card,Pending,France,
TX00565,C0079,2026-01-31,1182.46,GBP,Credit Card,Failed,United Kingdom,Authentication Failed
TX00566,C0141,2026-01-04,135.19,USD,Credit Card,Successful,United Kingdom,
TX00567,C0029,2026-01-09,757.23,GBP,Debit Card,Successful,Spain,
TX00568,C0038,2026-02-06,1366.84,USD,Bank Transfer,Successful,Germany,
TX00569,C0071,2026-06-08,1439.85,EUR,Debit Card,Successful,Germany,
TX00570,C0166,2026-02-07,360.46,GBP,Bank Transfer,Successful,France,
TX00571,C0111,2026-05-06,1394.38,EUR,Credit Card,Successful,Germany,
TX00572,C0154,2026-03-17,1139.77,EUR,Bank Transfer,Successful,France,
TX00573,C0045,2026-01-08,4613.03,GBP,Bank Transfer,Successful,Germany,
TX00574,C0153,2026-03-22,273.83,GBP,Debit Card,Successful,Ireland,
TX00575,C0014,2026-01-06,336.54,EUR,Debit Card,Successful,Spain,
TX00576,C0041,2026-03-28,399.33,EUR,Credit Card,Successful,Spain,
TX00577,C0095,2026-04-12,341.49,EUR,Debit Card,Successful,France,
TX00578,C0010,2026-04-05,243.1,USD,Digital Wallet,Successful,Germany,
TX00579,C0155,2026-02-21,49.49,GBP,Digital Wallet,Successful,Netherlands,
TX00580,C0157,2026-05-19,357.99,EUR,Digital Wallet,Successful,Ireland,
TX00581,C0098,2026-04-19,709.07,EUR,Credit Card,Successful,France,
TX00582,C0056,2026-02-16,340.62,GBP,Credit Card,Successful,Netherlands,
TX00583,C0018,2026-03-20,2684.03,GBP,Credit Card,Successful,Netherlands,
TX00584,C0112,2026-01-20,523.94,GBP,Debit Card,Successful,Netherlands,
TX00585,C0097,2026-06-17,1552.12,EUR,Debit Card,Successful,Netherlands,
TX00586,C0137,2026-05-17,646.91,GBP,Credit Card,Failed,United Kingdom,Authentication Failed
TX00587,C0109,2026-02-22,1045.7,EUR,Bank Transfer,Successful,Germany,
TX00588,C0024,2026-05-03,656.78,GBP,Bank Transfer,Successful,France,
TX00589,C0022,2026-05-03,1658.17,GBP,Digital Wallet,Successful,United Kingdom,
TX00590,C0141,2026-04-21,543.24,EUR,Bank Transfer,Successful,Ireland,
TX00591,C0029,2026-01-10,789.74,GBP,Debit Card,Successful,France,
TX00592,C0169,2026-06-09,707.25,EUR,Credit Card,Successful,United Kingdom,
TX00593,C0020,2026-06-23,405.43,GBP,Bank Transfer,Failed,Ireland,Insufficient Funds
TX00594,C0132,2026-06-26,730.87,USD,Digital Wallet,Successful,Netherlands,
TX00595,C0176,2026-06-27,3460.71,GBP,Bank Transfer,Successful,Netherlands,
TX00596,C0080,2026-06-18,411.65,USD,Digital Wallet,Failed,Germany,Card Declined
TX00597,C0011,2026-05-14,739.92,EUR,Credit Card,Successful,Ireland,
TX00598,C0158,2026-01-11,1508.86,GBP,Bank Transfer,Successful,Germany,
TX00599,C0034,2026-03-26,1365.42,GBP,Bank Transfer,Failed,France,Invalid Account Details
TX00600,C0095,2026-02-14,523.2,GBP,Debit Card,Successful,United Kingdom,
TX00601,C0178,2026-02-09,68.31,EUR,Debit Card,Successful,France,
TX00602,C0135,2026-05-31,803.68,EUR,Bank Transfer,Successful,Netherlands,
TX00603,C0009,2026-05-28,78.53,GBP,Digital Wallet,Successful,France,
TX00604,C0148,2026-04-05,1807.04,GBP,Bank Transfer,Successful,Germany,
TX00605,C0030,2026-05-14,598.28,EUR,Digital Wallet,Successful,Ireland,
TX00606,C0135,2026-01-24,1211.63,GBP,Bank Transfer,Successful,Netherlands,
TX00607,C0112,2026-02-10,240.62,EUR,Digital Wallet,Successful,United Kingdom,
TX00608,C0052,2026-06-05,138.43,GBP,Bank Transfer,Successful,Spain,
TX00609,C0077,2026-03-23,646.54,EUR,Debit Card,Successful,Netherlands,
TX00610,C0022,2026-04-09,503.43,USD,Debit Card,Successful,Spain,
TX00611,C0178,2026-03-25,341.1,GBP,Bank Transfer,Failed,Spain,Insufficient Funds
TX00612,C0043,2026-02-06,556.66,GBP,Credit Card,Successful,Spain,
TX00613,C0056,2026-05-30,5444.28,GBP,Bank Transfer,Successful,Netherlands,
TX00614,C0091,2026-05-18,1052.95,EUR,Debit Card,Successful,France,
TX00615,C0122,2026-05-04,1264.05,GBP,Debit Card,Successful,United Kingdom,
TX00616,C0091,2026-03-05,1061.4,USD,Credit Card,Successful,France,
TX00617,C0091,2026-04-27,1821.73,EUR,Bank Transfer,Successful,Ireland,
TX00618,C0105,2026-06-22,440.73,GBP,Bank Transfer,Successful,France,
TX00619,UNKNOWN_09,2026-04-28,90.33,EUR,Bank Transfer,Failed,Ireland,Bank Timeout
TX00620,C0072,2026-03-31,441.29,GBP,Debit Card,Failed,United Kingdom,Authentication Failed
TX00621,C0150,2026-02-18,1032.74,EUR,Bank Transfer,Successful,Germany,
TX00622,C0142,2026-04-05,227.16,GBP,Digital Wallet,Successful,Germany,
TX00623,C0173,2026-03-09,445.9,EUR,Debit Card,Successful,Germany,
TX00624,C0165,2026-04-21,287.72,USD,Credit Card,Successful,United Kingdom,
TX00625,C0144,2026-01-09,1857.01,EUR,Debit Card,Successful,United Kingdom,
TX00626,C0045,2026-02-04,979.5,EUR,Bank Transfer,Successful,Ireland,
TX00627,C0140,2026-05-23,901.27,GBP,Debit Card,Successful,Germany,
TX00628,C0133,2026-03-10,878.63,EUR,Bank Transfer,Successful,United Kingdom,
TX00629,C0053,2026-03-20,501.87,EUR,Debit Card,Successful,United Kingdom,
TX00630,C0123,2026-04-09,612.73,EUR,Debit Card,Pending,Germany,
TX00631,C0046,2026-03-21,189.16,GBP,Debit Card,Successful,United Kingdom,
TX00632,C0095,2026-05-18,80.76,GBP,Digital Wallet,Successful,Netherlands,
TX00633,C0144,2026-02-14,588.5,EUR,Bank Transfer,Successful,Ireland,
TX00634,C0034,2026-05-18,682.25,GBP,Debit Card,Failed,United Kingdom,Authentication Failed
TX00635,C0061,2026-02-07,1447.91,EUR,Bank Transfer,Successful,France,
TX00636,C0144,2026-03-09,1969.7,EUR,Debit Card,Successful,United Kingdom,
TX00637,C0082,2026-04-17,1967.46,USD,Credit Card,Successful,United Kingdom,
TX00638,C0173,2026-06-10,221.78,GBP,Bank Transfer,Pending,Spain,
TX00639,C0002,2026-02-12,383.97,USD,Credit Card,Successful,France,
TX00640,C0130,2026-04-17,779.21,GBP,Debit Card,Successful,Spain,
TX00641,C0147,2026-01-12,4456.5,GBP,Bank Transfer,Pending,United Kingdom,
TX00642,C0166,2026-01-14,1822.72,EUR,Digital Wallet,Successful,United Kingdom,
TX00643,C0029,2026-05-19,1341.42,GBP,Debit Card,Successful,Germany,
TX00644,C0178,2026-05-11,372.55,GBP,Credit Card,Successful,Germany,
TX00645,C0071,2026-03-10,244.52,GBP,Debit Card,Successful,Spain,
TX00646,C0064,2026-04-23,1012.9,GBP,Digital Wallet,Successful,United Kingdom,
TX00647,C0064,2026-03-10,203.25,EUR,Bank Transfer,Successful,Ireland,
TX00648,C0115,2026-02-20,422.98,GBP,Debit Card,Successful,Ireland,
TX00649,C0119,2026-03-20,469.86,GBP,Credit Card,Failed,France,Limit Exceeded
TX00650,C0086,2026-02-26,2006.16,EUR,Debit Card,Successful,Germany,
TX00651,C0013,2026-05-28,383.18,GBP,Debit Card,Successful,Germany,
TX00652,C0178,2026-03-16,65.15,EUR,Digital Wallet,Successful,United Kingdom,
TX00653,C0040,2026-02-28,795.35,USD,Debit Card,Successful,Ireland,
TX00654,C0017,2026-04-08,285.95,EUR,Credit Card,Successful,Germany,
TX00655,C0108,2026-05-18,537.13,EUR,Credit Card,Failed,Spain,Bank Timeout
TX00656,C0075,2026-02-19,481.21,GBP,Digital Wallet,Failed,France,Bank Timeout
TX00657,C0111,2026-06-20,410.49,EUR,Digital Wallet,Successful,Germany,
TX00658,C0158,2026-03-25,1014.13,GBP,Debit Card,Successful,Netherlands,
TX00659,C0018,2026-04-30,140.76,GBP,Bank Transfer,Successful,Germany,
TX00660,C0052,2026-06-23,333.8,EUR,Bank Transfer,Successful,Spain,
TX00661,C0093,2026-03-20,926.52,GBP,Credit Card,Successful,United Kingdom,
TX00662,C0142,2026-02-06,307.36,EUR,Digital Wallet,Successful,Spain,
TX00663,C0109,2026-05-16,131.96,EUR,Debit Card,Successful,Ireland,
TX00664,C0069,2026-01-02,914.4,USD,Bank Transfer,Successful,Ireland,
TX00665,C0110,2026-03-24,1345.65,GBP,Bank Transfer,Successful,Germany,
TX00666,C0177,2026-06-27,498.58,GBP,Debit Card,Successful,Ireland,
TX00667,C0087,2026-03-17,97.83,EUR,Digital Wallet,Successful,United Kingdom,
TX00668,C0160,2026-05-04,943.95,GBP,Bank Transfer,Successful,Ireland,
TX00669,C0141,2026-04-06,126.35,EUR,Credit Card,Successful,United Kingdom,
TX00670,C0055,2026-02-08,673.49,EUR,Credit Card,Successful,United Kingdom,
TX00671,C0045,2026-02-27,243.63,USD,Digital Wallet,Successful,Germany,
TX00672,C0139,2026-04-05,193.28,EUR,Bank Transfer,Successful,United Kingdom,
TX00673,C0038,2026-01-19,355.8,GBP,Digital Wallet,Successful,Germany,
TX00674,UNKNOWN_06,2026-03-17,443.28,GBP,Credit Card,Successful,Ireland,
TX00675,C0043,2026-03-17,299.59,EUR,Credit Card,Failed,United Kingdom,Invalid Account Details
TX00676,C0110,2026-06-01,854.4,GBP,Bank Transfer,Failed,Netherlands,Authentication Failed
TX00677,C0053,2026-01-23,354.55,GBP,Debit Card,Successful,United Kingdom,
TX00678,C0119,2026-06-02,1191.73,GBP,Credit Card,Successful,Ireland,
TX00679,C0169,2026-03-16,657.86,GBP,Debit Card,Successful,Ireland,
TX00680,C0150,2026-04-28,286.31,GBP,Debit Card,Failed,Germany,Authentication Failed
TX00681,C0171,2026-04-11,248.13,GBP,Debit Card,Successful,Netherlands,
TX00682,C0005,2026-02-24,127.69,EUR,Debit Card,Failed,Spain,Invalid Account Details
TX00683,C0082,2026-06-18,663.23,GBP,Bank Transfer,Successful,Ireland,
TX00684,C0040,2026-02-10,383.22,EUR,Debit Card,Successful,Germany,
TX00685,C0166,2026-01-07,68.97,GBP,Bank Transfer,Successful,Germany,
TX00686,C0129,2026-05-16,328.53,EUR,Digital Wallet,Successful,Ireland,
TX00687,C0058,2026-04-23,240.84,GBP,Digital Wallet,Successful,United Kingdom,
TX00688,C0102,2026-06-11,1976.98,GBP,Bank Transfer,Successful,Ireland,
TX00689,C0109,2026-03-24,121.83,GBP,Bank Transfer,Successful,United Kingdom,
TX00690,UNKNOWN_12,2026-01-04,152.15,GBP,Bank Transfer,Successful,Ireland,
TX00691,C0086,2026-01-04,1330.72,GBP,Debit Card,Successful,United Kingdom,
TX00692,C0010,2026-03-20,1641.31,EUR,Digital Wallet,Successful,United Kingdom,
TX00693,C0082,2026-02-15,275.0,USD,Debit Card,Successful,Spain,
TX00694,C0063,2026-06-16,302.7,GBP,Bank Transfer,Successful,Ireland,
TX00695,C0148,2026-01-22,874.63,GBP,Bank Transfer,Successful,Spain,
TX00696,C0156,2026-06-09,71.66,EUR,Bank Transfer,Failed,Spain,Insufficient Funds
TX00697,C0136,2026-02-09,106.48,EUR,Digital Wallet,Successful,Germany,
TX00698,C0006,2026-01-22,408.04,GBP,Credit Card,Successful,United Kingdom,
TX00699,C0152,2026-02-19,1934.12,EUR,Debit Card,Successful,United Kingdom,
TX00700,C0072,2026-01-27,357.68,GBP,Debit Card,Successful,Germany,
TX00701,C0075,2026-03-14,564.42,EUR,Digital Wallet,Successful,United Kingdom,
TX00702,C0171,2026-03-01,1357.94,GBP,Debit Card,Successful,Spain,
TX00703,C0157,2026-04-06,3105.26,GBP,Digital Wallet,Successful,United Kingdom,
TX00704,C0010,2026-04-08,317.25,GBP,Digital Wallet,Pending,United Kingdom,
TX00705,C0065,2026-01-01,510.65,EUR,Debit Card,Pending,United Kingdom,
TX00706,C0135,2026-01-23,2437.55,GBP,Digital Wallet,Successful,United Kingdom,
TX00707,C0097,2026-01-30,142.04,EUR,Bank Transfer,Successful,United Kingdom,
TX00708,C0047,2026-02-05,1240.72,EUR,Credit Card,Successful,France,
TX00709,C0095,2026-01-17,217.99,EUR,Bank Transfer,Failed,United Kingdom,Card Declined
TX00710,C0156,2026-02-26,565.16,GBP,Debit Card,Successful,France,
TX00711,C0041,2026-04-10,421.48,GBP,Bank Transfer,Successful,Spain,
TX00712,C0135,2026-02-25,229.45,GBP,Bank Transfer,Successful,France,
TX00713,C0133,2026-03-01,224.61,EUR,Bank Transfer,Successful,Netherlands,
TX00714,C0160,2026-03-26,655.21,USD,Debit Card,Successful,Germany,
TX00715,C0054,2026-04-10,1207.38,GBP,Credit Card,Pending,United Kingdom,
TX00716,C0039,2026-03-01,463.93,EUR,Debit Card,Successful,United Kingdom,
TX00717,C0099,2026-02-10,549.82,GBP,Debit Card,Successful,Spain,
TX00718,UNKNOWN_07,2026-03-16,841.76,GBP,Digital Wallet,Successful,France,
TX00719,C0074,2026-01-05,226.81,GBP,Digital Wallet,Successful,United Kingdom,
TX00720,C0141,2026-03-31,971.4,EUR,Bank Transfer,Successful,Germany,
TX00721,C0144,2026-06-20,1039.44,GBP,Debit Card,Successful,Ireland,
TX00722,C0045,2026-03-14,4736.64,GBP,Credit Card,Successful,Netherlands,
TX00723,C0144,2026-01-20,376.27,EUR,Credit Card,Successful,France,
TX00724,UNKNOWN_04,2026-05-08,350.95,GBP,Debit Card,Successful,Spain,
TX00725,C0074,2026-01-23,995.87,GBP,Credit Card,Failed,Netherlands,Bank Timeout
TX00726,C0005,2026-02-05,1039.23,GBP,Bank Transfer,Successful,France,
TX00727,C0062,2026-01-27,328.71,GBP,Debit Card,Successful,United Kingdom,
TX00728,C0173,2026-06-09,367.72,GBP,Credit Card,Successful,United Kingdom,
TX00729,C0080,2026-06-27,820.54,GBP,Credit Card,Successful,Spain,
TX00730,C0128,2026-04-14,256.35,EUR,Digital Wallet,Successful,France,
TX00731,C0020,2026-04-22,365.42,GBP,Bank Transfer,Successful,Germany,
TX00732,C0115,2026-04-27,559.0,EUR,Bank Transfer,Successful,France,
TX00733,C0067,2026-04-21,1207.79,GBP,Bank Transfer,Successful,United Kingdom,
TX00734,C0134,2026-04-09,309.85,GBP,Bank Transfer,Successful,Ireland,
TX00735,C0168,2026-06-28,108.2,GBP,Bank Transfer,Successful,United Kingdom,
TX00736,C0096,2026-05-13,101.58,GBP,Debit Card,Successful,Ireland,
TX00737,C0019,2026-01-17,177.59,GBP,Debit Card,Successful,France,
TX00738,C0086,2026-03-12,169.66,GBP,Credit Card,Successful,United Kingdom,
TX00739,C0023,2026-06-26,454.22,USD,Debit Card,Successful,United Kingdom,
TX00740,C0081,2026-03-15,188.57,EUR,Bank Transfer,Successful,Ireland,
TX00741,C0012,2026-02-06,285.05,GBP,Credit Card,Successful,United Kingdom,
TX00742,C0116,2026-06-07,268.28,EUR,Bank Transfer,Failed,United Kingdom,Bank Timeout
TX00743,C0056,2026-04-23,356.23,EUR,Digital Wallet,Successful,Netherlands,
TX00744,C0037,2026-04-12,1594.2,EUR,Bank Transfer,Successful,Germany,
TX00745,C0004,2026-03-18,909.28,GBP,Debit Card,Pending,Germany,
TX00746,C0160,2026-01-23,525.16,GBP,Digital Wallet,Successful,United Kingdom,
TX00747,C0151,2026-03-11,350.07,GBP,Debit Card,Successful,Ireland,
TX00748,C0147,2026-03-21,358.44,GBP,Credit Card,Failed,United Kingdom,Limit Exceeded
TX00749,C0011,2026-06-18,684.43,GBP,Credit Card,Successful,United Kingdom,
TX00750,C0063,2026-02-25,851.11,EUR,Bank Transfer,Successful,United Kingdom,
